;Estatura;Peso;IMC;Estatura - Estatura_Promedio
;1.68;78;27.64;0.031666667
;1.72;54;18.25;0.071666667
;1.81;67;20.45;0.161666667
;1.56;45;18.49;-0.088333333
;1.58;79;31.65;-0.068333333
;1.54;56;23.61;-0.108333333
;;;;
;;;;
;;;;
;;;;1.648333333
